1,classifier/align/Luongvt/Luongvt_115.png
1,classifier/align/Luongvt/Luongvt_18.png
1,classifier/align/Luongvt/Luongvt_64.png
1,classifier/align/Luongvt/Luongvt_79.png
1,classifier/align/Luongvt/Luongvt_186.png
1,classifier/align/Luongvt/Luongvt_81.png
1,classifier/align/Luongvt/Luongvt_30.png
1,classifier/align/Luongvt/Luongvt_145.png
1,classifier/align/Luongvt/Luongvt_176.png
1,classifier/align/Luongvt/Luongvt_146.png
1,classifier/align/Luongvt/Luongvt_199.png
1,classifier/align/Luongvt/Luongvt_77.png
1,classifier/align/Luongvt/Luongvt_99.png
1,classifier/align/Luongvt/Luongvt_190.png
1,classifier/align/Luongvt/Luongvt_149.png
1,classifier/align/Luongvt/Luongvt_106.png
1,classifier/align/Luongvt/Luongvt_136.png
1,classifier/align/Luongvt/Luongvt_25.png
1,classifier/align/Luongvt/Luongvt_55.png
1,classifier/align/Luongvt/Luongvt_3.png
1,classifier/align/Luongvt/Luongvt_56.png
1,classifier/align/Luongvt/Luongvt_169.png
1,classifier/align/Luongvt/Luongvt_86.png
1,classifier/align/Luongvt/Luongvt_82.png
1,classifier/align/Luongvt/Luongvt_130.png
1,classifier/align/Luongvt/Luongvt_160.png
1,classifier/align/Luongvt/Luongvt_104.png
1,classifier/align/Luongvt/Luongvt_17.png
1,classifier/align/Luongvt/Luongvt_191.png
1,classifier/align/Luongvt/Luongvt_135.png
1,classifier/align/Luongvt/Luongvt_122.png
1,classifier/align/Luongvt/Luongvt_24.png
1,classifier/align/Luongvt/Luongvt_10.png
1,classifier/align/Luongvt/Luongvt_93.png
1,classifier/align/Luongvt/Luongvt_63.png
1,classifier/align/Luongvt/Luongvt_142.png
1,classifier/align/Luongvt/Luongvt_26.png
1,classifier/align/Luongvt/Luongvt_198.png
1,classifier/align/Luongvt/Luongvt_128.png
1,classifier/align/Luongvt/Luongvt_194.png
1,classifier/align/Luongvt/Luongvt_45.png
1,classifier/align/Luongvt/Luongvt_92.png
1,classifier/align/Luongvt/Luongvt_167.png
1,classifier/align/Luongvt/Luongvt_197.png
1,classifier/align/Luongvt/Luongvt_46.png
1,classifier/align/Luongvt/Luongvt_72.png
1,classifier/align/Luongvt/Luongvt_13.png
1,classifier/align/Luongvt/Luongvt_126.png
1,classifier/align/Luongvt/Luongvt_61.png
1,classifier/align/Luongvt/Luongvt_139.png
1,classifier/align/Luongvt/Luongvt_6.png
1,classifier/align/Luongvt/Luongvt_8.png
1,classifier/align/Luongvt/Luongvt_168.png
1,classifier/align/Luongvt/Luongvt_117.png
1,classifier/align/Luongvt/Luongvt_110.png
1,classifier/align/Luongvt/Luongvt_148.png
1,classifier/align/Luongvt/Luongvt_147.png
1,classifier/align/Luongvt/Luongvt_180.png
1,classifier/align/Luongvt/Luongvt_70.png
1,classifier/align/Luongvt/Luongvt_131.png
1,classifier/align/Luongvt/Luongvt_98.png
1,classifier/align/Luongvt/Luongvt_114.png
1,classifier/align/Luongvt/Luongvt_65.png
1,classifier/align/Luongvt/Luongvt_172.png
1,classifier/align/Luongvt/Luongvt_170.png
1,classifier/align/Luongvt/Luongvt_85.png
1,classifier/align/Luongvt/Luongvt_20.png
1,classifier/align/Luongvt/Luongvt_84.png
1,classifier/align/Luongvt/Luongvt_132.png
1,classifier/align/Luongvt/Luongvt_200.png
1,classifier/align/Luongvt/Luongvt_113.png
1,classifier/align/Luongvt/Luongvt_47.png
1,classifier/align/Luongvt/Luongvt_161.png
1,classifier/align/Luongvt/Luongvt_120.png
1,classifier/align/Luongvt/Luongvt_102.png
1,classifier/align/Luongvt/Luongvt_123.png
1,classifier/align/Luongvt/Luongvt_151.png
1,classifier/align/Luongvt/Luongvt_75.png
1,classifier/align/Luongvt/Luongvt_37.png
1,classifier/align/Luongvt/Luongvt_158.png
1,classifier/align/Luongvt/Luongvt_73.png
1,classifier/align/Luongvt/Luongvt_133.png
1,classifier/align/Luongvt/Luongvt_42.png
1,classifier/align/Luongvt/Luongvt_96.png
1,classifier/align/Luongvt/Luongvt_101.png
1,classifier/align/Luongvt/Luongvt_182.png
1,classifier/align/Luongvt/Luongvt_173.png
1,classifier/align/Luongvt/Luongvt_23.png
1,classifier/align/Luongvt/Luongvt_43.png
1,classifier/align/Luongvt/Luongvt_28.png
1,classifier/align/Luongvt/Luongvt_71.png
1,classifier/align/Luongvt/Luongvt_11.png
1,classifier/align/Luongvt/Luongvt_125.png
1,classifier/align/Luongvt/Luongvt_49.png
1,classifier/align/Luongvt/Luongvt_54.png
1,classifier/align/Luongvt/Luongvt_12.png
1,classifier/align/Luongvt/Luongvt_143.png
1,classifier/align/Luongvt/Luongvt_127.png
1,classifier/align/Luongvt/Luongvt_60.png
1,classifier/align/Luongvt/Luongvt_48.png
1,classifier/align/Luongvt/Luongvt_59.png
1,classifier/align/Luongvt/Luongvt_141.png
1,classifier/align/Luongvt/Luongvt_7.png
1,classifier/align/Luongvt/Luongvt_184.png
1,classifier/align/Luongvt/Luongvt_177.png
1,classifier/align/Luongvt/Luongvt_138.png
1,classifier/align/Luongvt/Luongvt_40.png
1,classifier/align/Luongvt/Luongvt_100.png
1,classifier/align/Luongvt/Luongvt_80.png
1,classifier/align/Luongvt/Luongvt_74.png
1,classifier/align/Luongvt/Luongvt_118.png
1,classifier/align/Luongvt/Luongvt_38.png
1,classifier/align/Luongvt/Luongvt_88.png
1,classifier/align/Luongvt/Luongvt_107.png
1,classifier/align/Luongvt/Luongvt_103.png
1,classifier/align/Luongvt/Luongvt_129.png
1,classifier/align/Luongvt/Luongvt_171.png
1,classifier/align/Luongvt/Luongvt_183.png
1,classifier/align/Luongvt/Luongvt_189.png
1,classifier/align/Luongvt/Luongvt_187.png
1,classifier/align/Luongvt/Luongvt_57.png
1,classifier/align/Luongvt/Luongvt_41.png
1,classifier/align/Luongvt/Luongvt_90.png
1,classifier/align/Luongvt/Luongvt_111.png
1,classifier/align/Luongvt/Luongvt_68.png
1,classifier/align/Luongvt/Luongvt_9.png
1,classifier/align/Luongvt/Luongvt_140.png
1,classifier/align/Luongvt/Luongvt_31.png
1,classifier/align/Luongvt/Luongvt_192.png
1,classifier/align/Luongvt/Luongvt_66.png
1,classifier/align/Luongvt/Luongvt_159.png
1,classifier/align/Luongvt/Luongvt_5.png
1,classifier/align/Luongvt/Luongvt_22.png
1,classifier/align/Luongvt/Luongvt_195.png
1,classifier/align/Luongvt/Luongvt_62.png
1,classifier/align/Luongvt/Luongvt_89.png
1,classifier/align/Luongvt/Luongvt_91.png
1,classifier/align/Luongvt/Luongvt_1.png
1,classifier/align/Luongvt/Luongvt_144.png
1,classifier/align/Luongvt/Luongvt_155.png
1,classifier/align/Luongvt/Luongvt_34.png
1,classifier/align/Luongvt/Luongvt_15.png
1,classifier/align/Luongvt/Luongvt_174.png
1,classifier/align/Luongvt/Luongvt_50.png
1,classifier/align/Luongvt/Luongvt_124.png
1,classifier/align/Luongvt/Luongvt_108.png
1,classifier/align/Luongvt/Luongvt_179.png
1,classifier/align/Luongvt/Luongvt_21.png
1,classifier/align/Luongvt/Luongvt_178.png
1,classifier/align/Luongvt/Luongvt_2.png
1,classifier/align/Luongvt/Luongvt_166.png
1,classifier/align/Luongvt/Luongvt_69.png
1,classifier/align/Luongvt/Luongvt_36.png
1,classifier/align/Luongvt/Luongvt_4.png
1,classifier/align/Luongvt/Luongvt_78.png
1,classifier/align/Luongvt/Luongvt_150.png
1,classifier/align/Luongvt/Luongvt_53.png
1,classifier/align/Luongvt/Luongvt_0.png
1,classifier/align/Luongvt/Luongvt_196.png
1,classifier/align/Luongvt/Luongvt_35.png
1,classifier/align/Luongvt/Luongvt_181.png
1,classifier/align/Luongvt/Luongvt_97.png
1,classifier/align/Luongvt/Luongvt_16.png
1,classifier/align/Luongvt/Luongvt_44.png
1,classifier/align/Luongvt/Luongvt_165.png
1,classifier/align/Luongvt/Luongvt_193.png
1,classifier/align/Luongvt/Luongvt_67.png
1,classifier/align/Luongvt/Luongvt_14.png
1,classifier/align/Luongvt/Luongvt_109.png
1,classifier/align/Luongvt/Luongvt_162.png
1,classifier/align/Luongvt/Luongvt_83.png
1,classifier/align/Luongvt/Luongvt_137.png
1,classifier/align/Luongvt/Luongvt_134.png
1,classifier/align/Luongvt/Luongvt_175.png
1,classifier/align/Luongvt/Luongvt_94.png
1,classifier/align/Luongvt/Luongvt_87.png
1,classifier/align/Luongvt/Luongvt_52.png
1,classifier/align/Luongvt/Luongvt_32.png
1,classifier/align/Luongvt/Luongvt_119.png
1,classifier/align/Luongvt/Luongvt_163.png
1,classifier/align/Luongvt/Luongvt_19.png
1,classifier/align/Luongvt/Luongvt_105.png
1,classifier/align/Luongvt/Luongvt_39.png
1,classifier/align/Luongvt/Luongvt_152.png
1,classifier/align/Luongvt/Luongvt_29.png
1,classifier/align/Luongvt/Luongvt_27.png
1,classifier/align/Luongvt/Luongvt_95.png
1,classifier/align/Luongvt/Luongvt_51.png
1,classifier/align/Luongvt/Luongvt_76.png
1,classifier/align/Luongvt/Luongvt_33.png
1,classifier/align/Luongvt/Luongvt_153.png
1,classifier/align/Luongvt/Luongvt_185.png
1,classifier/align/Luongvt/Luongvt_112.png
1,classifier/align/Luongvt/Luongvt_58.png
1,classifier/align/Luongvt/Luongvt_156.png
1,classifier/align/Luongvt/Luongvt_188.png
1,classifier/align/Luongvt/Luongvt_121.png
1,classifier/align/Luongvt/Luongvt_157.png
1,classifier/align/Luongvt/Luongvt_116.png
1,classifier/align/Luongvt/Luongvt_164.png
2,classifier/align/Quynhtt/Quynhtt_2.png
2,classifier/align/Quynhtt/Quynhtt_76.png
2,classifier/align/Quynhtt/Quynhtt_116.png
2,classifier/align/Quynhtt/Quynhtt_86.png
2,classifier/align/Quynhtt/Quynhtt_14.png
2,classifier/align/Quynhtt/Quynhtt_61.png
2,classifier/align/Quynhtt/Quynhtt_44.png
2,classifier/align/Quynhtt/Quynhtt_161.png
2,classifier/align/Quynhtt/Quynhtt_167.png
2,classifier/align/Quynhtt/Quynhtt_200.png
2,classifier/align/Quynhtt/Quynhtt_135.png
2,classifier/align/Quynhtt/Quynhtt_179.png
2,classifier/align/Quynhtt/Quynhtt_145.png
2,classifier/align/Quynhtt/Quynhtt_108.png
2,classifier/align/Quynhtt/Quynhtt_16.png
2,classifier/align/Quynhtt/Quynhtt_47.png
2,classifier/align/Quynhtt/Quynhtt_48.png
2,classifier/align/Quynhtt/Quynhtt_10.png
2,classifier/align/Quynhtt/Quynhtt_102.png
2,classifier/align/Quynhtt/Quynhtt_120.png
2,classifier/align/Quynhtt/Quynhtt_58.png
2,classifier/align/Quynhtt/Quynhtt_73.png
2,classifier/align/Quynhtt/Quynhtt_24.png
2,classifier/align/Quynhtt/Quynhtt_181.png
2,classifier/align/Quynhtt/Quynhtt_59.png
2,classifier/align/Quynhtt/Quynhtt_192.png
2,classifier/align/Quynhtt/Quynhtt_32.png
2,classifier/align/Quynhtt/Quynhtt_13.png
2,classifier/align/Quynhtt/Quynhtt_17.png
2,classifier/align/Quynhtt/Quynhtt_164.png
2,classifier/align/Quynhtt/Quynhtt_157.png
2,classifier/align/Quynhtt/Quynhtt_196.png
2,classifier/align/Quynhtt/Quynhtt_103.png
2,classifier/align/Quynhtt/Quynhtt_82.png
2,classifier/align/Quynhtt/Quynhtt_60.png
2,classifier/align/Quynhtt/Quynhtt_110.png
2,classifier/align/Quynhtt/Quynhtt_115.png
2,classifier/align/Quynhtt/Quynhtt_166.png
2,classifier/align/Quynhtt/Quynhtt_38.png
2,classifier/align/Quynhtt/Quynhtt_36.png
2,classifier/align/Quynhtt/Quynhtt_33.png
2,classifier/align/Quynhtt/Quynhtt_92.png
2,classifier/align/Quynhtt/Quynhtt_199.png
2,classifier/align/Quynhtt/Quynhtt_9.png
2,classifier/align/Quynhtt/Quynhtt_4.png
2,classifier/align/Quynhtt/Quynhtt_117.png
2,classifier/align/Quynhtt/Quynhtt_169.png
2,classifier/align/Quynhtt/Quynhtt_39.png
2,classifier/align/Quynhtt/Quynhtt_159.png
2,classifier/align/Quynhtt/Quynhtt_127.png
2,classifier/align/Quynhtt/Quynhtt_105.png
2,classifier/align/Quynhtt/Quynhtt_162.png
2,classifier/align/Quynhtt/Quynhtt_7.png
2,classifier/align/Quynhtt/Quynhtt_146.png
2,classifier/align/Quynhtt/Quynhtt_173.png
2,classifier/align/Quynhtt/Quynhtt_174.png
2,classifier/align/Quynhtt/Quynhtt_197.png
2,classifier/align/Quynhtt/Quynhtt_62.png
2,classifier/align/Quynhtt/Quynhtt_152.png
2,classifier/align/Quynhtt/Quynhtt_29.png
2,classifier/align/Quynhtt/Quynhtt_191.png
2,classifier/align/Quynhtt/Quynhtt_142.png
2,classifier/align/Quynhtt/Quynhtt_158.png
2,classifier/align/Quynhtt/Quynhtt_54.png
2,classifier/align/Quynhtt/Quynhtt_53.png
2,classifier/align/Quynhtt/Quynhtt_124.png
2,classifier/align/Quynhtt/Quynhtt_129.png
2,classifier/align/Quynhtt/Quynhtt_154.png
2,classifier/align/Quynhtt/Quynhtt_72.png
2,classifier/align/Quynhtt/Quynhtt_114.png
2,classifier/align/Quynhtt/Quynhtt_0.png
2,classifier/align/Quynhtt/Quynhtt_190.png
2,classifier/align/Quynhtt/Quynhtt_182.png
2,classifier/align/Quynhtt/Quynhtt_186.png
2,classifier/align/Quynhtt/Quynhtt_49.png
2,classifier/align/Quynhtt/Quynhtt_183.png
2,classifier/align/Quynhtt/Quynhtt_119.png
2,classifier/align/Quynhtt/Quynhtt_168.png
2,classifier/align/Quynhtt/Quynhtt_128.png
2,classifier/align/Quynhtt/Quynhtt_156.png
2,classifier/align/Quynhtt/Quynhtt_132.png
2,classifier/align/Quynhtt/Quynhtt_97.png
2,classifier/align/Quynhtt/Quynhtt_198.png
2,classifier/align/Quynhtt/Quynhtt_67.png
2,classifier/align/Quynhtt/Quynhtt_91.png
2,classifier/align/Quynhtt/Quynhtt_188.png
2,classifier/align/Quynhtt/Quynhtt_89.png
2,classifier/align/Quynhtt/Quynhtt_69.png
2,classifier/align/Quynhtt/Quynhtt_150.png
2,classifier/align/Quynhtt/Quynhtt_99.png
2,classifier/align/Quynhtt/Quynhtt_37.png
2,classifier/align/Quynhtt/Quynhtt_189.png
2,classifier/align/Quynhtt/Quynhtt_8.png
2,classifier/align/Quynhtt/Quynhtt_3.png
2,classifier/align/Quynhtt/Quynhtt_84.png
2,classifier/align/Quynhtt/Quynhtt_64.png
2,classifier/align/Quynhtt/Quynhtt_171.png
2,classifier/align/Quynhtt/Quynhtt_144.png
2,classifier/align/Quynhtt/Quynhtt_136.png
2,classifier/align/Quynhtt/Quynhtt_15.png
2,classifier/align/Quynhtt/Quynhtt_160.png
2,classifier/align/Quynhtt/Quynhtt_70.png
2,classifier/align/Quynhtt/Quynhtt_133.png
2,classifier/align/Quynhtt/Quynhtt_107.png
2,classifier/align/Quynhtt/Quynhtt_20.png
2,classifier/align/Quynhtt/Quynhtt_56.png
2,classifier/align/Quynhtt/Quynhtt_71.png
2,classifier/align/Quynhtt/Quynhtt_180.png
2,classifier/align/Quynhtt/Quynhtt_50.png
2,classifier/align/Quynhtt/Quynhtt_22.png
2,classifier/align/Quynhtt/Quynhtt_66.png
2,classifier/align/Quynhtt/Quynhtt_106.png
2,classifier/align/Quynhtt/Quynhtt_85.png
2,classifier/align/Quynhtt/Quynhtt_27.png
2,classifier/align/Quynhtt/Quynhtt_165.png
2,classifier/align/Quynhtt/Quynhtt_98.png
2,classifier/align/Quynhtt/Quynhtt_177.png
2,classifier/align/Quynhtt/Quynhtt_126.png
2,classifier/align/Quynhtt/Quynhtt_74.png
2,classifier/align/Quynhtt/Quynhtt_148.png
2,classifier/align/Quynhtt/Quynhtt_149.png
2,classifier/align/Quynhtt/Quynhtt_123.png
2,classifier/align/Quynhtt/Quynhtt_19.png
2,classifier/align/Quynhtt/Quynhtt_93.png
2,classifier/align/Quynhtt/Quynhtt_141.png
2,classifier/align/Quynhtt/Quynhtt_42.png
2,classifier/align/Quynhtt/Quynhtt_21.png
2,classifier/align/Quynhtt/Quynhtt_31.png
2,classifier/align/Quynhtt/Quynhtt_68.png
2,classifier/align/Quynhtt/Quynhtt_104.png
2,classifier/align/Quynhtt/Quynhtt_12.png
2,classifier/align/Quynhtt/Quynhtt_57.png
2,classifier/align/Quynhtt/Quynhtt_75.png
2,classifier/align/Quynhtt/Quynhtt_88.png
2,classifier/align/Quynhtt/Quynhtt_81.png
2,classifier/align/Quynhtt/Quynhtt_79.png
2,classifier/align/Quynhtt/Quynhtt_51.png
2,classifier/align/Quynhtt/Quynhtt_63.png
2,classifier/align/Quynhtt/Quynhtt_131.png
2,classifier/align/Quynhtt/Quynhtt_111.png
2,classifier/align/Quynhtt/Quynhtt_5.png
2,classifier/align/Quynhtt/Quynhtt_11.png
2,classifier/align/Quynhtt/Quynhtt_194.png
2,classifier/align/Quynhtt/Quynhtt_172.png
2,classifier/align/Quynhtt/Quynhtt_41.png
2,classifier/align/Quynhtt/Quynhtt_28.png
2,classifier/align/Quynhtt/Quynhtt_134.png
2,classifier/align/Quynhtt/Quynhtt_52.png
2,classifier/align/Quynhtt/Quynhtt_96.png
2,classifier/align/Quynhtt/Quynhtt_1.png
2,classifier/align/Quynhtt/Quynhtt_40.png
2,classifier/align/Quynhtt/Quynhtt_55.png
2,classifier/align/Quynhtt/Quynhtt_34.png
2,classifier/align/Quynhtt/Quynhtt_113.png
2,classifier/align/Quynhtt/Quynhtt_6.png
2,classifier/align/Quynhtt/Quynhtt_78.png
2,classifier/align/Quynhtt/Quynhtt_122.png
2,classifier/align/Quynhtt/Quynhtt_23.png
2,classifier/align/Quynhtt/Quynhtt_46.png
2,classifier/align/Quynhtt/Quynhtt_65.png
2,classifier/align/Quynhtt/Quynhtt_153.png
2,classifier/align/Quynhtt/Quynhtt_45.png
2,classifier/align/Quynhtt/Quynhtt_185.png
2,classifier/align/Quynhtt/Quynhtt_175.png
2,classifier/align/Quynhtt/Quynhtt_163.png
2,classifier/align/Quynhtt/Quynhtt_195.png
2,classifier/align/Quynhtt/Quynhtt_139.png
2,classifier/align/Quynhtt/Quynhtt_140.png
2,classifier/align/Quynhtt/Quynhtt_95.png
2,classifier/align/Quynhtt/Quynhtt_187.png
2,classifier/align/Quynhtt/Quynhtt_121.png
2,classifier/align/Quynhtt/Quynhtt_118.png
2,classifier/align/Quynhtt/Quynhtt_138.png
2,classifier/align/Quynhtt/Quynhtt_176.png
2,classifier/align/Quynhtt/Quynhtt_130.png
2,classifier/align/Quynhtt/Quynhtt_151.png
2,classifier/align/Quynhtt/Quynhtt_26.png
2,classifier/align/Quynhtt/Quynhtt_25.png
2,classifier/align/Quynhtt/Quynhtt_101.png
2,classifier/align/Quynhtt/Quynhtt_94.png
2,classifier/align/Quynhtt/Quynhtt_170.png
2,classifier/align/Quynhtt/Quynhtt_77.png
2,classifier/align/Quynhtt/Quynhtt_30.png
2,classifier/align/Quynhtt/Quynhtt_184.png
2,classifier/align/Quynhtt/Quynhtt_90.png
2,classifier/align/Quynhtt/Quynhtt_100.png
2,classifier/align/Quynhtt/Quynhtt_109.png
2,classifier/align/Quynhtt/Quynhtt_143.png
2,classifier/align/Quynhtt/Quynhtt_125.png
2,classifier/align/Quynhtt/Quynhtt_43.png
2,classifier/align/Quynhtt/Quynhtt_87.png
2,classifier/align/Quynhtt/Quynhtt_112.png
2,classifier/align/Quynhtt/Quynhtt_80.png
2,classifier/align/Quynhtt/Quynhtt_193.png
2,classifier/align/Quynhtt/Quynhtt_35.png
2,classifier/align/Quynhtt/Quynhtt_83.png
2,classifier/align/Quynhtt/Quynhtt_147.png
2,classifier/align/Quynhtt/Quynhtt_18.png
2,classifier/align/Quynhtt/Quynhtt_155.png
2,classifier/align/Quynhtt/Quynhtt_178.png
2,classifier/align/Quynhtt/Quynhtt_137.png
3,classifier/align/Tuanlv/Tuanlv_13.png
3,classifier/align/Tuanlv/Tuanlv_80.png
3,classifier/align/Tuanlv/Tuanlv_188.png
3,classifier/align/Tuanlv/Tuanlv_158.png
3,classifier/align/Tuanlv/Tuanlv_185.png
3,classifier/align/Tuanlv/Tuanlv_6.png
3,classifier/align/Tuanlv/Tuanlv_100.png
3,classifier/align/Tuanlv/Tuanlv_131.png
3,classifier/align/Tuanlv/Tuanlv_43.png
3,classifier/align/Tuanlv/Tuanlv_24.png
3,classifier/align/Tuanlv/Tuanlv_124.png
3,classifier/align/Tuanlv/Tuanlv_18.png
3,classifier/align/Tuanlv/Tuanlv_115.png
3,classifier/align/Tuanlv/Tuanlv_176.png
3,classifier/align/Tuanlv/Tuanlv_196.png
3,classifier/align/Tuanlv/Tuanlv_5.png
3,classifier/align/Tuanlv/Tuanlv_150.png
3,classifier/align/Tuanlv/Tuanlv_94.png
3,classifier/align/Tuanlv/Tuanlv_186.png
3,classifier/align/Tuanlv/Tuanlv_112.png
3,classifier/align/Tuanlv/Tuanlv_45.png
3,classifier/align/Tuanlv/Tuanlv_56.png
3,classifier/align/Tuanlv/Tuanlv_140.png
3,classifier/align/Tuanlv/Tuanlv_159.png
3,classifier/align/Tuanlv/Tuanlv_9.png
3,classifier/align/Tuanlv/Tuanlv_107.png
3,classifier/align/Tuanlv/Tuanlv_149.png
3,classifier/align/Tuanlv/Tuanlv_90.png
3,classifier/align/Tuanlv/Tuanlv_3.png
3,classifier/align/Tuanlv/Tuanlv_168.png
3,classifier/align/Tuanlv/Tuanlv_117.png
3,classifier/align/Tuanlv/Tuanlv_20.png
3,classifier/align/Tuanlv/Tuanlv_59.png
3,classifier/align/Tuanlv/Tuanlv_16.png
3,classifier/align/Tuanlv/Tuanlv_53.png
3,classifier/align/Tuanlv/Tuanlv_62.png
3,classifier/align/Tuanlv/Tuanlv_113.png
3,classifier/align/Tuanlv/Tuanlv_39.png
3,classifier/align/Tuanlv/Tuanlv_120.png
3,classifier/align/Tuanlv/Tuanlv_92.png
3,classifier/align/Tuanlv/Tuanlv_102.png
3,classifier/align/Tuanlv/Tuanlv_160.png
3,classifier/align/Tuanlv/Tuanlv_170.png
3,classifier/align/Tuanlv/Tuanlv_134.png
3,classifier/align/Tuanlv/Tuanlv_72.png
3,classifier/align/Tuanlv/Tuanlv_66.png
3,classifier/align/Tuanlv/Tuanlv_83.png
3,classifier/align/Tuanlv/Tuanlv_195.png
3,classifier/align/Tuanlv/Tuanlv_93.png
3,classifier/align/Tuanlv/Tuanlv_161.png
3,classifier/align/Tuanlv/Tuanlv_98.png
3,classifier/align/Tuanlv/Tuanlv_173.png
3,classifier/align/Tuanlv/Tuanlv_28.png
3,classifier/align/Tuanlv/Tuanlv_58.png
3,classifier/align/Tuanlv/Tuanlv_27.png
3,classifier/align/Tuanlv/Tuanlv_33.png
3,classifier/align/Tuanlv/Tuanlv_54.png
3,classifier/align/Tuanlv/Tuanlv_36.png
3,classifier/align/Tuanlv/Tuanlv_46.png
3,classifier/align/Tuanlv/Tuanlv_200.png
3,classifier/align/Tuanlv/Tuanlv_104.png
3,classifier/align/Tuanlv/Tuanlv_74.png
3,classifier/align/Tuanlv/Tuanlv_41.png
3,classifier/align/Tuanlv/Tuanlv_57.png
3,classifier/align/Tuanlv/Tuanlv_151.png
3,classifier/align/Tuanlv/Tuanlv_144.png
3,classifier/align/Tuanlv/Tuanlv_139.png
3,classifier/align/Tuanlv/Tuanlv_25.png
3,classifier/align/Tuanlv/Tuanlv_7.png
3,classifier/align/Tuanlv/Tuanlv_183.png
3,classifier/align/Tuanlv/Tuanlv_15.png
3,classifier/align/Tuanlv/Tuanlv_84.png
3,classifier/align/Tuanlv/Tuanlv_19.png
3,classifier/align/Tuanlv/Tuanlv_17.png
3,classifier/align/Tuanlv/Tuanlv_63.png
3,classifier/align/Tuanlv/Tuanlv_126.png
3,classifier/align/Tuanlv/Tuanlv_44.png
3,classifier/align/Tuanlv/Tuanlv_12.png
3,classifier/align/Tuanlv/Tuanlv_192.png
3,classifier/align/Tuanlv/Tuanlv_110.png
3,classifier/align/Tuanlv/Tuanlv_127.png
3,classifier/align/Tuanlv/Tuanlv_38.png
3,classifier/align/Tuanlv/Tuanlv_109.png
3,classifier/align/Tuanlv/Tuanlv_119.png
3,classifier/align/Tuanlv/Tuanlv_164.png
3,classifier/align/Tuanlv/Tuanlv_79.png
3,classifier/align/Tuanlv/Tuanlv_4.png
3,classifier/align/Tuanlv/Tuanlv_49.png
3,classifier/align/Tuanlv/Tuanlv_81.png
3,classifier/align/Tuanlv/Tuanlv_29.png
3,classifier/align/Tuanlv/Tuanlv_68.png
3,classifier/align/Tuanlv/Tuanlv_175.png
3,classifier/align/Tuanlv/Tuanlv_165.png
3,classifier/align/Tuanlv/Tuanlv_191.png
3,classifier/align/Tuanlv/Tuanlv_2.png
3,classifier/align/Tuanlv/Tuanlv_154.png
3,classifier/align/Tuanlv/Tuanlv_189.png
3,classifier/align/Tuanlv/Tuanlv_118.png
3,classifier/align/Tuanlv/Tuanlv_167.png
3,classifier/align/Tuanlv/Tuanlv_125.png
3,classifier/align/Tuanlv/Tuanlv_26.png
3,classifier/align/Tuanlv/Tuanlv_194.png
3,classifier/align/Tuanlv/Tuanlv_85.png
3,classifier/align/Tuanlv/Tuanlv_147.png
3,classifier/align/Tuanlv/Tuanlv_155.png
3,classifier/align/Tuanlv/Tuanlv_114.png
3,classifier/align/Tuanlv/Tuanlv_11.png
3,classifier/align/Tuanlv/Tuanlv_121.png
3,classifier/align/Tuanlv/Tuanlv_190.png
3,classifier/align/Tuanlv/Tuanlv_116.png
3,classifier/align/Tuanlv/Tuanlv_148.png
3,classifier/align/Tuanlv/Tuanlv_103.png
3,classifier/align/Tuanlv/Tuanlv_35.png
3,classifier/align/Tuanlv/Tuanlv_32.png
3,classifier/align/Tuanlv/Tuanlv_130.png
3,classifier/align/Tuanlv/Tuanlv_55.png
3,classifier/align/Tuanlv/Tuanlv_187.png
3,classifier/align/Tuanlv/Tuanlv_141.png
3,classifier/align/Tuanlv/Tuanlv_76.png
3,classifier/align/Tuanlv/Tuanlv_163.png
3,classifier/align/Tuanlv/Tuanlv_22.png
3,classifier/align/Tuanlv/Tuanlv_199.png
3,classifier/align/Tuanlv/Tuanlv_172.png
3,classifier/align/Tuanlv/Tuanlv_182.png
3,classifier/align/Tuanlv/Tuanlv_197.png
3,classifier/align/Tuanlv/Tuanlv_61.png
3,classifier/align/Tuanlv/Tuanlv_21.png
3,classifier/align/Tuanlv/Tuanlv_136.png
3,classifier/align/Tuanlv/Tuanlv_75.png
3,classifier/align/Tuanlv/Tuanlv_101.png
3,classifier/align/Tuanlv/Tuanlv_50.png
3,classifier/align/Tuanlv/Tuanlv_64.png
3,classifier/align/Tuanlv/Tuanlv_135.png
3,classifier/align/Tuanlv/Tuanlv_1.png
3,classifier/align/Tuanlv/Tuanlv_153.png
3,classifier/align/Tuanlv/Tuanlv_34.png
3,classifier/align/Tuanlv/Tuanlv_122.png
3,classifier/align/Tuanlv/Tuanlv_48.png
3,classifier/align/Tuanlv/Tuanlv_145.png
3,classifier/align/Tuanlv/Tuanlv_42.png
3,classifier/align/Tuanlv/Tuanlv_65.png
3,classifier/align/Tuanlv/Tuanlv_78.png
3,classifier/align/Tuanlv/Tuanlv_71.png
3,classifier/align/Tuanlv/Tuanlv_184.png
3,classifier/align/Tuanlv/Tuanlv_40.png
3,classifier/align/Tuanlv/Tuanlv_180.png
3,classifier/align/Tuanlv/Tuanlv_60.png
3,classifier/align/Tuanlv/Tuanlv_132.png
3,classifier/align/Tuanlv/Tuanlv_97.png
3,classifier/align/Tuanlv/Tuanlv_73.png
3,classifier/align/Tuanlv/Tuanlv_171.png
3,classifier/align/Tuanlv/Tuanlv_133.png
3,classifier/align/Tuanlv/Tuanlv_51.png
3,classifier/align/Tuanlv/Tuanlv_177.png
3,classifier/align/Tuanlv/Tuanlv_157.png
3,classifier/align/Tuanlv/Tuanlv_156.png
3,classifier/align/Tuanlv/Tuanlv_193.png
3,classifier/align/Tuanlv/Tuanlv_96.png
3,classifier/align/Tuanlv/Tuanlv_52.png
3,classifier/align/Tuanlv/Tuanlv_138.png
3,classifier/align/Tuanlv/Tuanlv_89.png
3,classifier/align/Tuanlv/Tuanlv_169.png
3,classifier/align/Tuanlv/Tuanlv_105.png
3,classifier/align/Tuanlv/Tuanlv_37.png
3,classifier/align/Tuanlv/Tuanlv_128.png
3,classifier/align/Tuanlv/Tuanlv_23.png
3,classifier/align/Tuanlv/Tuanlv_87.png
3,classifier/align/Tuanlv/Tuanlv_77.png
3,classifier/align/Tuanlv/Tuanlv_178.png
3,classifier/align/Tuanlv/Tuanlv_86.png
3,classifier/align/Tuanlv/Tuanlv_108.png
3,classifier/align/Tuanlv/Tuanlv_14.png
3,classifier/align/Tuanlv/Tuanlv_30.png
3,classifier/align/Tuanlv/Tuanlv_166.png
3,classifier/align/Tuanlv/Tuanlv_129.png
3,classifier/align/Tuanlv/Tuanlv_123.png
3,classifier/align/Tuanlv/Tuanlv_174.png
3,classifier/align/Tuanlv/Tuanlv_99.png
3,classifier/align/Tuanlv/Tuanlv_10.png
3,classifier/align/Tuanlv/Tuanlv_152.png
3,classifier/align/Tuanlv/Tuanlv_67.png
3,classifier/align/Tuanlv/Tuanlv_70.png
3,classifier/align/Tuanlv/Tuanlv_111.png
3,classifier/align/Tuanlv/Tuanlv_95.png
3,classifier/align/Tuanlv/Tuanlv_31.png
3,classifier/align/Tuanlv/Tuanlv_143.png
3,classifier/align/Tuanlv/Tuanlv_146.png
3,classifier/align/Tuanlv/Tuanlv_181.png
3,classifier/align/Tuanlv/Tuanlv_162.png
3,classifier/align/Tuanlv/Tuanlv_198.png
3,classifier/align/Tuanlv/Tuanlv_88.png
3,classifier/align/Tuanlv/Tuanlv_8.png
3,classifier/align/Tuanlv/Tuanlv_47.png
3,classifier/align/Tuanlv/Tuanlv_106.png
3,classifier/align/Tuanlv/Tuanlv_179.png
3,classifier/align/Tuanlv/Tuanlv_69.png
3,classifier/align/Tuanlv/Tuanlv_82.png
3,classifier/align/Tuanlv/Tuanlv_91.png
3,classifier/align/Tuanlv/Tuanlv_142.png
3,classifier/align/Tuanlv/Tuanlv_137.png
